CREATE DATABASE  IF NOT EXISTS `friends-e-learning` /*!40100 DEFAULT CHARACTER SET latin1 */;
USE `friends-e-learning`;
-- MariaDB dump 10.19  Distrib 10.6.2-MariaDB, for Win64 (AMD64)
--
-- Host: 127.0.0.1    Database: friends-e-learning
-- ------------------------------------------------------
-- Server version	10.6.2-MariaDB

/*!40101 SET @OLD_CHARACTER_SET_CLIENT=@@CHARACTER_SET_CLIENT */;
/*!40101 SET @OLD_CHARACTER_SET_RESULTS=@@CHARACTER_SET_RESULTS */;
/*!40101 SET @OLD_COLLATION_CONNECTION=@@COLLATION_CONNECTION */;
/*!40101 SET NAMES utf8 */;
/*!40103 SET @OLD_TIME_ZONE=@@TIME_ZONE */;
/*!40103 SET TIME_ZONE='+00:00' */;
/*!40014 SET @OLD_UNIQUE_CHECKS=@@UNIQUE_CHECKS, UNIQUE_CHECKS=0 */;
/*!40014 SET @OLD_FOREIGN_KEY_CHECKS=@@FOREIGN_KEY_CHECKS, FOREIGN_KEY_CHECKS=0 */;
/*!40101 SET @OLD_SQL_MODE=@@SQL_MODE, SQL_MODE='NO_AUTO_VALUE_ON_ZERO' */;
/*!40111 SET @OLD_SQL_NOTES=@@SQL_NOTES, SQL_NOTES=0 */;

--
-- Table structure for table `courses`
--

DROP TABLE IF EXISTS `courses`;
/*!40101 SET @saved_cs_client     = @@character_set_client */;
/*!40101 SET character_set_client = utf8 */;
CREATE TABLE `courses` (
  `id` int(11) NOT NULL AUTO_INCREMENT,
  `title` varchar(45) NOT NULL,
  `description` varchar(100) NOT NULL,
  `isPublic` tinyint(1) DEFAULT 0,
  `isDeleted` tinyint(1) DEFAULT 0,
  PRIMARY KEY (`id`)
) ENGINE=InnoDB AUTO_INCREMENT=18 DEFAULT CHARSET=latin1;
/*!40101 SET character_set_client = @saved_cs_client */;

--
-- Dumping data for table `courses`
--

LOCK TABLES `courses` WRITE;
/*!40000 ALTER TABLE `courses` DISABLE KEYS */;
INSERT INTO `courses` VALUES (1,'JavaScript Basics','The one where you will learn the basics of JavaScript',1,0),(2,'Java Basics','The one where you will learn the basics of Java',1,0),(3,'QA Basics','The one where you will learn the basics of QA',1,0),(4,'C# Basics','The one where you will learn the basics of C#',1,0),(5,'Javascript Fundamentals','Start learning',1,1),(6,'Java Fundamentals','The one where you will improve your Java knowledge',0,0),(7,'Q&A Fundamentals','This is a course for beginners',0,1),(8,'Spanish advanced','This is an advanced course',1,1),(9,'Italian','Course for beginners',0,1),(10,'English','Course for beginners',0,1),(11,'Bussiness english','Course for bussiness',1,1),(12,'Spanish Superior','The best course',0,1),(13,'JavaScript Core','The one where you will learn the core of JavaScript',0,0),(14,'JavaScript OOP','The one where you will learn what are the classes',0,0),(15,'JavaScript Frontend','The one where you will learn how to work with React',0,0),(16,'JavaScript DSA','The one where you will learn what is algorithm',0,0),(17,'JavaScript Backend','Subscribe now',0,1);
/*!40000 ALTER TABLE `courses` ENABLE KEYS */;
UNLOCK TABLES;

--
-- Table structure for table `roles`
--

DROP TABLE IF EXISTS `roles`;
/*!40101 SET @saved_cs_client     = @@character_set_client */;
/*!40101 SET character_set_client = utf8 */;
CREATE TABLE `roles` (
  `id` int(11) NOT NULL AUTO_INCREMENT,
  `name` varchar(15) NOT NULL,
  PRIMARY KEY (`id`)
) ENGINE=InnoDB AUTO_INCREMENT=3 DEFAULT CHARSET=latin1;
/*!40101 SET character_set_client = @saved_cs_client */;

--
-- Dumping data for table `roles`
--

LOCK TABLES `roles` WRITE;
/*!40000 ALTER TABLE `roles` DISABLE KEYS */;
INSERT INTO `roles` VALUES (1,'Student'),(2,'Teacher');
/*!40000 ALTER TABLE `roles` ENABLE KEYS */;
UNLOCK TABLES;

--
-- Table structure for table `sections`
--

DROP TABLE IF EXISTS `sections`;
/*!40101 SET @saved_cs_client     = @@character_set_client */;
/*!40101 SET character_set_client = utf8 */;
CREATE TABLE `sections` (
  `id` int(11) NOT NULL AUTO_INCREMENT,
  `title` longtext NOT NULL,
  `content` longtext NOT NULL,
  `order_by` int(11) NOT NULL,
  `availableFrom` datetime NOT NULL,
  `courses_id` int(11) NOT NULL,
  `isDeleted` tinyint(1) DEFAULT 0,
  PRIMARY KEY (`id`),
  KEY `fk_sections_courses1_idx` (`courses_id`),
  CONSTRAINT `fk_sections_courses1` FOREIGN KEY (`courses_id`) REFERENCES `courses` (`id`) ON DELETE NO ACTION ON UPDATE NO ACTION
) ENGINE=InnoDB AUTO_INCREMENT=79 DEFAULT CHARSET=latin1;
/*!40101 SET character_set_client = @saved_cs_client */;

--
-- Dumping data for table `sections`
--

LOCK TABLES `sections` WRITE;
/*!40000 ALTER TABLE `sections` DISABLE KEYS */;
INSERT INTO `sections` VALUES (1,'Getting started','<iframe width=\"560\" height=\"315\" src=\"https://www.youtube.com/embed/1HakS7KsbCk\" title=\"YouTube video player\" frameborder=\"0\" allow=\"accelerometer; autoplay; clipboard-write; encrypted-media; gyroscope; picture-in-picture\" allowfullscreen></iframe>',5,'2021-08-24 00:00:00',1,0),(7,'What is JavaScript?','<iframe src=\"//www.slideshare.net/slideshow/embed_code/key/hUeeOrjKGCJF5f\" width=\"595\" height=\"485\" frameborder=\"0\" marginwidth=\"0\" marginheight=\"0\" scrolling=\"no\" style=\"border:1px solid #CCC; border-width:1px; margin-bottom:5px; max-width: 100%;\" allowfullscreen> </iframe> <div style=\"margin-bottom:5px\"></div>\n\n<iframe width=\"560\" height=\"315\" src=\"https://www.youtube.com/embed/Ia0FSogTRaw\" title=\"YouTube video player\" frameborder=\"0\" allow=\"accelerometer; autoplay; clipboard-write; encrypted-media; gyroscope; picture-in-picture\" allowfullscreen></iframe>',6,'2021-08-24 00:00:00',1,0),(8,'Node.js - environment setup','<iframe width=\"560\" height=\"315\" src=\"https://www.youtube.com/embed/Pa-YPdl1rX8\" title=\"YouTube video player\" frameborder=\"0\" allow=\"accelerometer; autoplay; clipboard-write; encrypted-media; gyroscope; picture-in-picture\" allowfullscreen></iframe>',11,'2021-08-31 00:00:00',1,0),(9,'JavaScript in the browser','<iframe width=\"560\" height=\"315\" src=\"https://www.youtube.com/embed/yLZazznWoAs\" title=\"YouTube video player\" frameborder=\"0\" allow=\"accelerometer; autoplay; clipboard-write; encrypted-media; gyroscope; picture-in-picture\" allowfullscreen></iframe>',13,'2021-08-24 00:00:00',1,0),(10,'JavaScript in Node','<iframe width=\"560\" height=\"315\" src=\"https://www.youtube.com/embed/4AK4x4t-mHE\" title=\"YouTube video player\" frameborder=\"0\" allow=\"accelerometer; autoplay; clipboard-write; encrypted-media; gyroscope; picture-in-picture\" allowfullscreen></iframe>',14,'2021-09-01 00:00:00',1,0),(12,'Variables','<iframe width=\"560\" height=\"315\" src=\"https://www.youtube.com/embed/edlFjlzxkSI\" title=\"YouTube video player\" frameborder=\"0\" allow=\"accelerometer; autoplay; clipboard-write; encrypted-media; gyroscope; picture-in-picture\" allowfullscreen></iframe>',16,'2021-08-24 00:00:00',1,0),(13,'Constants','<iframe width=\"560\" height=\"315\" src=\"https://www.youtube.com/embed/Wsy7nhFnfbM\" title=\"YouTube video player\" frameborder=\"0\" allow=\"accelerometer; autoplay; clipboard-write; encrypted-media; gyroscope; picture-in-picture\" allowfullscreen></iframe>',17,'2021-12-03 00:00:00',1,0),(14,'Primitive types','<iframe width=\"560\" height=\"315\" src=\"https://www.youtube.com/embed/qw3j0A3DIzQ\" title=\"YouTube video player\" frameborder=\"0\" allow=\"accelerometer; autoplay; clipboard-write; encrypted-media; gyroscope; picture-in-picture\" allowfullscreen></iframe>',18,'2021-08-24 00:00:00',1,0),(15,'Objects','<iframe width=\"560\" height=\"315\" src=\"https://www.youtube.com/embed/X0ipw1k7ygU\" title=\"YouTube video player\" frameborder=\"0\" allow=\"accelerometer; autoplay; clipboard-write; encrypted-media; gyroscope; picture-in-picture\" allowfullscreen></iframe>',19,'2021-07-17 00:00:00',1,0),(17,'Primitive Data Types','<iframe width=\"560\" height=\"315\" src=\"https://www.youtube.com/embed/qUXbJziVs_o\" title=\"YouTube video player\" frameborder=\"0\" allow=\"accelerometer; autoplay; clipboard-write; encrypted-media; gyroscope; picture-in-picture\" allowfullscreen></iframe>',13,'2021-08-24 00:00:00',6,0),(18,'Introduction to C#','<iframe width=\"560\" height=\"315\" src=\"https://www.youtube.com/embed/HB1aPYPPJ24\" title=\"YouTube video player\" frameborder=\"0\" allow=\"accelerometer; autoplay; clipboard-write; encrypted-media; gyroscope; picture-in-picture\" allowfullscreen></iframe>',13,'2021-08-22 00:00:00',4,0),(19,'Arrays','<iframe width=\"560\" height=\"315\" src=\"https://www.youtube.com/embed/8FmBEN0XZyI\" title=\"YouTube video player\" frameborder=\"0\" allow=\"accelerometer; autoplay; clipboard-write; encrypted-media; gyroscope; picture-in-picture\" allowfullscreen></iframe>',20,'2021-08-23 00:00:00',1,0),(20,'Functions','<iframe width=\"560\" height=\"315\" src=\"https://www.youtube.com/embed/N8ap4k_1QEQ\" title=\"YouTube video player\" frameborder=\"0\" allow=\"accelerometer; autoplay; clipboard-write; encrypted-media; gyroscope; picture-in-picture\" allowfullscreen></iframe>',21,'2021-08-23 00:00:00',1,0),(21,'Types of functions','<iframe width=\"560\" height=\"315\" src=\"https://www.youtube.com/embed/RKntUtyvLhc\" title=\"YouTube video player\" frameborder=\"0\" allow=\"accelerometer; autoplay; clipboard-write; encrypted-media; gyroscope; picture-in-picture\" allowfullscreen></iframe>',22,'2021-08-23 00:00:00',1,0),(22,'Loops','<iframe width=\"560\" height=\"315\" src=\"https://www.youtube.com/embed/s9wW2PpJsmQ\" title=\"YouTube video player\" frameborder=\"0\" allow=\"accelerometer; autoplay; clipboard-write; encrypted-media; gyroscope; picture-in-picture\" allowfullscreen></iframe>',23,'2021-08-23 00:00:00',1,0),(23,'For-loops','<iframe width=\"560\" height=\"315\" src=\"https://www.youtube.com/embed/24Wpg6njlYI\" title=\"YouTube video player\" frameborder=\"0\" allow=\"accelerometer; autoplay; clipboard-write; encrypted-media; gyroscope; picture-in-picture\" allowfullscreen></iframe>',24,'2021-08-16 00:00:00',1,0),(24,'While loops','<iframe width=\"560\" height=\"315\" src=\"https://www.youtube.com/embed/PpbFyLTtpWI\" title=\"YouTube video player\" frameborder=\"0\" allow=\"accelerometer; autoplay; clipboard-write; encrypted-media; gyroscope; picture-in-picture\" allowfullscreen></iframe>',25,'2021-08-22 00:00:00',1,0),(25,'For...of loops','<iframe width=\"560\" height=\"315\" src=\"https://www.youtube.com/embed/wc4jMuumqLM\" title=\"YouTube video player\" frameborder=\"0\" allow=\"accelerometer; autoplay; clipboard-write; encrypted-media; gyroscope; picture-in-picture\" allowfullscreen></iframe>',26,'2021-08-23 00:00:00',1,0),(26,'Introduction to Java','<iframe width=\"560\" height=\"315\" src=\"https://www.youtube.com/embed/2dZiMBwX_5Q\" title=\"YouTube video player\" frameborder=\"0\" allow=\"accelerometer; autoplay; clipboard-write; encrypted-media; gyroscope; picture-in-picture\" allowfullscreen></iframe>',5,'2021-08-30 00:00:00',2,0),(27,'Your first Java program','<iframe width=\"560\" height=\"315\" src=\"https://www.youtube.com/embed/H_XxH66lm3U\" title=\"YouTube video player\" frameborder=\"0\" allow=\"accelerometer; autoplay; clipboard-write; encrypted-media; gyroscope; picture-in-picture\" allowfullscreen></iframe>',7,'2021-08-30 00:00:00',2,0),(28,'How Java code gets executed','<iframe width=\"560\" height=\"315\" src=\"https://www.youtube.com/embed/GXUiEouK7DM\" title=\"YouTube video player\" frameborder=\"0\" allow=\"accelerometer; autoplay; clipboard-write; encrypted-media; gyroscope; picture-in-picture\" allowfullscreen></iframe>',11,'2021-08-31 00:00:00',2,0),(29,'Variables','<iframe width=\"560\" height=\"315\" src=\"https://www.youtube.com/embed/7wWvSn_qiBc\" title=\"YouTube video player\" frameborder=\"0\" allow=\"accelerometer; autoplay; clipboard-write; encrypted-media; gyroscope; picture-in-picture\" allowfullscreen></iframe>',13,'2021-09-01 00:00:00',2,0),(30,'Primitive and reference types','<iframe width=\"560\" height=\"315\" src=\"https://www.youtube.com/embed/OmcFVHpb0v0\" title=\"YouTube video player\" frameborder=\"0\" allow=\"accelerometer; autoplay; clipboard-write; encrypted-media; gyroscope; picture-in-picture\" allowfullscreen></iframe>',14,'2021-09-02 00:00:00',2,0),(31,'Strings','<iframe width=\"560\" height=\"315\" src=\"https://www.youtube.com/embed/3xuJIaP3C4g\" title=\"YouTube video player\" frameborder=\"0\" allow=\"accelerometer; autoplay; clipboard-write; encrypted-media; gyroscope; picture-in-picture\" allowfullscreen></iframe>',12,'2021-09-03 00:00:00',2,0),(32,'Arrays','<iframe width=\"560\" height=\"315\" src=\"https://www.youtube.com/embed/xzjZy-dHHLw\" title=\"YouTube video player\" frameborder=\"0\" allow=\"accelerometer; autoplay; clipboard-write; encrypted-media; gyroscope; picture-in-picture\" allowfullscreen></iframe>',17,'2021-09-06 00:00:00',2,0),(33,'If-else statements','<iframe width=\"560\" height=\"315\" src=\"https://www.youtube.com/embed/yvWnj_HfG6s\" title=\"YouTube video player\" frameborder=\"0\" allow=\"accelerometer; autoplay; clipboard-write; encrypted-media; gyroscope; picture-in-picture\" allowfullscreen></iframe>',18,'2021-09-07 00:00:00',2,0),(34,'How QA in done today','<iframe width=\"560\" height=\"315\" src=\"https://www.youtube.com/embed/oLc9gVM8FBM\" title=\"YouTube video player\" frameborder=\"0\" allow=\"accelerometer; autoplay; clipboard-write; encrypted-media; gyroscope; picture-in-picture\" allowfullscreen></iframe>',5,'2021-08-30 00:00:00',3,0),(35,'Role of QA in software development','<iframe width=\"560\" height=\"315\" src=\"https://www.youtube.com/embed/ua8_wyOX3ks\" title=\"YouTube video player\" frameborder=\"0\" allow=\"accelerometer; autoplay; clipboard-write; encrypted-media; gyroscope; picture-in-picture\" allowfullscreen></iframe>',6,'2021-08-30 00:00:00',3,0),(36,'What is software testing','<iframe width=\"560\" height=\"315\" src=\"https://www.youtube.com/embed/rhE45ihB26E\" title=\"YouTube video player\" frameborder=\"0\" allow=\"accelerometer; autoplay; clipboard-write; encrypted-media; gyroscope; picture-in-picture\" allowfullscreen></iframe>',11,'2021-08-31 00:00:00',3,0),(37,'Write a test case in 6 minutes','<iframe width=\"560\" height=\"315\" src=\"https://www.youtube.com/embed/6Mv-EKuxJNk\" title=\"YouTube video player\" frameborder=\"0\" allow=\"accelerometer; autoplay; clipboard-write; encrypted-media; gyroscope; picture-in-picture\" allowfullscreen></iframe>',13,'2021-09-01 00:00:00',3,0),(38,'QA Basics','<iframe width=\"560\" height=\"315\" src=\"https://www.youtube.com/embed/R4aoCvluaEs\" title=\"YouTube video player\" frameborder=\"0\" allow=\"accelerometer; autoplay; clipboard-write; encrypted-media; gyroscope; picture-in-picture\" allowfullscreen></iframe>',14,'2021-09-02 00:00:00',3,0),(39,'Learn quality assurance engineer theory','<iframe width=\"560\" height=\"315\" src=\"https://www.youtube.com/embed/MA7EnKLMX1Q\" title=\"YouTube video player\" frameborder=\"0\" allow=\"accelerometer; autoplay; clipboard-write; encrypted-media; gyroscope; picture-in-picture\" allowfullscreen></iframe>',16,'2021-09-02 00:00:00',3,0),(40,'Difference between C# and .NET','<iframe width=\"560\" height=\"315\" src=\"https://www.youtube.com/embed/YIIgRKHDZnY\" title=\"YouTube video player\" frameborder=\"0\" allow=\"accelerometer; autoplay; clipboard-write; encrypted-media; gyroscope; picture-in-picture\" allowfullscreen></iframe>',14,'2021-08-30 00:00:00',4,0),(41,'Your first C# program','<iframe width=\"560\" height=\"315\" src=\"https://www.youtube.com/embed/3DZgruCSOAw\" title=\"YouTube video player\" frameborder=\"0\" allow=\"accelerometer; autoplay; clipboard-write; encrypted-media; gyroscope; picture-in-picture\" allowfullscreen></iframe>',16,'2021-08-31 00:00:00',4,0),(42,'Variables and constants','<iframe width=\"560\" height=\"315\" src=\"https://www.youtube.com/embed/EUn5GRZp8i4\" title=\"YouTube video player\" frameborder=\"0\" allow=\"accelerometer; autoplay; clipboard-write; encrypted-media; gyroscope; picture-in-picture\" allowfullscreen></iframe>',17,'2021-09-01 00:00:00',4,0),(43,'Overflowing','<iframe width=\"560\" height=\"315\" src=\"https://www.youtube.com/embed/oYe7TRaZYnI\" title=\"YouTube video player\" frameborder=\"0\" allow=\"accelerometer; autoplay; clipboard-write; encrypted-media; gyroscope; picture-in-picture\" allowfullscreen></iframe>',18,'2021-09-06 00:00:00',4,0),(44,'Type conversion','<iframe width=\"560\" height=\"315\" src=\"https://www.youtube.com/embed/2VsL7Yg-4C4\" title=\"YouTube video player\" frameborder=\"0\" allow=\"accelerometer; autoplay; clipboard-write; encrypted-media; gyroscope; picture-in-picture\" allowfullscreen></iframe>',19,'2021-09-07 00:00:00',4,0),(45,'Operators','<iframe width=\"560\" height=\"315\" src=\"https://www.youtube.com/embed/xFWwWcZ74gU\" title=\"YouTube video player\" frameborder=\"0\" allow=\"accelerometer; autoplay; clipboard-write; encrypted-media; gyroscope; picture-in-picture\" allowfullscreen></iframe>',20,'2021-09-07 00:00:00',4,0),(46,'Non-primitive data types','<iframe width=\"560\" height=\"315\" src=\"https://www.youtube.com/embed/bD21cJokbZM\" title=\"YouTube video player\" frameborder=\"0\" allow=\"accelerometer; autoplay; clipboard-write; encrypted-media; gyroscope; picture-in-picture\" allowfullscreen></iframe>',14,'2021-08-30 00:00:00',6,0),(47,'Java tokens','<iframe width=\"560\" height=\"315\" src=\"https://www.youtube.com/embed/L17kre7RVtc\" title=\"YouTube video player\" frameborder=\"0\" allow=\"accelerometer; autoplay; clipboard-write; encrypted-media; gyroscope; picture-in-picture\" allowfullscreen></iframe>',16,'2021-08-30 00:00:00',6,0),(48,'Conversion of data types','<iframe width=\"560\" height=\"315\" src=\"https://www.youtube.com/embed/AzO5pYE3y5o\" title=\"YouTube video player\" frameborder=\"0\" allow=\"accelerometer; autoplay; clipboard-write; encrypted-media; gyroscope; picture-in-picture\" allowfullscreen></iframe>',17,'2021-08-31 00:00:00',6,0),(49,'Arrays','<iframe width=\"560\" height=\"315\" src=\"https://www.youtube.com/embed/xzjZy-dHHLw\" title=\"YouTube video player\" frameborder=\"0\" allow=\"accelerometer; autoplay; clipboard-write; encrypted-media; gyroscope; picture-in-picture\" allowfullscreen></iframe>',18,'2021-08-31 00:00:00',6,0),(50,'Java logical operators','<iframe width=\"560\" height=\"315\" src=\"https://www.youtube.com/embed/p0UCTkqU2mg\" title=\"YouTube video player\" frameborder=\"0\" allow=\"accelerometer; autoplay; clipboard-write; encrypted-media; gyroscope; picture-in-picture\" allowfullscreen></iframe>',19,'2021-09-01 00:00:00',6,0),(51,'3D arrays','<iframe width=\"560\" height=\"315\" src=\"https://www.youtube.com/embed/TlFC8tAqD9w\" title=\"YouTube video player\" frameborder=\"0\" allow=\"accelerometer; autoplay; clipboard-write; encrypted-media; gyroscope; picture-in-picture\" allowfullscreen></iframe>',20,'2021-09-02 00:00:00',6,0),(52,'Java HashSet','<iframe width=\"560\" height=\"315\" src=\"https://www.youtube.com/embed/WPcKwA5WF7s\" title=\"YouTube video player\" frameborder=\"0\" allow=\"accelerometer; autoplay; clipboard-write; encrypted-media; gyroscope; picture-in-picture\" allowfullscreen></iframe>',21,'2021-09-03 00:00:00',6,0),(53,'Java HashMap','<iframe width=\"560\" height=\"315\" src=\"https://www.youtube.com/embed/70qy6_gw1Hc\" title=\"YouTube video player\" frameborder=\"0\" allow=\"accelerometer; autoplay; clipboard-write; encrypted-media; gyroscope; picture-in-picture\" allowfullscreen></iframe>',22,'2021-09-06 00:00:00',6,0),(54,'Scope','<h2>Understanding scope in JS</h2>\n\n<iframe width=\"560\" height=\"315\" src=\"https://www.youtube.com/embed/SBjf9-WpLac\" title=\"YouTube video player\" frameborder=\"0\" allow=\"accelerometer; autoplay; clipboard-write; encrypted-media; gyroscope; picture-in-picture\" allowfullscreen></iframe>\n\n<h2>Local vs. Global</h2>\n\n<iframe width=\"560\" height=\"315\" src=\"https://www.youtube.com/embed/iJKkZA215tQ\" title=\"YouTube video player\" frameborder=\"0\" allow=\"accelerometer; autoplay; clipboard-write; encrypted-media; gyroscope; picture-in-picture\" allowfullscreen></iframe>\n\n<br/>\n\n<h2>Scope explained in 5 minutes</h2>\n\n<iframe width=\"560\" height=\"315\" src=\"https://www.youtube.com/embed/gNhdufVqXeE\" title=\"YouTube video player\" frameborder=\"0\" allow=\"accelerometer; autoplay; clipboard-write; encrypted-media; gyroscope; picture-in-picture\" allowfullscreen></iframe>',5,'2021-08-31 00:00:00',13,0),(55,'Closure','<h2>What is closure</h2>\n\n<iframe width=\"560\" height=\"315\" src=\"https://www.youtube.com/embed/-jysK0nlz7A\" title=\"YouTube video player\" frameborder=\"0\" allow=\"accelerometer; autoplay; clipboard-write; encrypted-media; gyroscope; picture-in-picture\" allowfullscreen></iframe>\n\n<h2>Closures explained</h2>\n\n<iframe width=\"560\" height=\"315\" src=\"https://www.youtube.com/embed/71AtaJpJHw0\" title=\"YouTube video player\" frameborder=\"0\" allow=\"accelerometer; autoplay; clipboard-write; encrypted-media; gyroscope; picture-in-picture\" allowfullscreen></iframe>',6,'2021-08-31 00:00:00',13,0),(56,'Module pattern','<iframe width=\"560\" height=\"315\" src=\"https://www.youtube.com/embed/cRHQNNcYf6s\" title=\"YouTube video player\" frameborder=\"0\" allow=\"accelerometer; autoplay; clipboard-write; encrypted-media; gyroscope; picture-in-picture\" allowfullscreen></iframe>',1,'2021-09-01 00:00:00',13,0),(57,'Objects','<iframe width=\"560\" height=\"315\" src=\"https://www.youtube.com/embed/X0ipw1k7ygU\" title=\"YouTube video player\" frameborder=\"0\" allow=\"accelerometer; autoplay; clipboard-write; encrypted-media; gyroscope; picture-in-picture\" allowfullscreen></iframe>',4,'2021-09-02 00:00:00',13,0),(58,'Functions','<iframe width=\"560\" height=\"315\" src=\"https://www.youtube.com/embed/N8ap4k_1QEQ\" title=\"YouTube video player\" frameborder=\"0\" allow=\"accelerometer; autoplay; clipboard-write; encrypted-media; gyroscope; picture-in-picture\" allowfullscreen></iframe>',3,'2021-09-02 00:00:00',13,0),(59,'NPM / ES Modules','<iframe width=\"560\" height=\"315\" src=\"https://www.youtube.com/embed/cRHQNNcYf6s\" title=\"YouTube video player\" frameborder=\"0\" allow=\"accelerometer; autoplay; clipboard-write; encrypted-media; gyroscope; picture-in-picture\" allowfullscreen></iframe>',2,'2021-09-01 00:00:00',13,0),(60,'Objects and content binding','<iframe width=\"560\" height=\"315\" src=\"https://www.youtube.com/embed/g2WcckBB_q0\" title=\"YouTube video player\" frameborder=\"0\" allow=\"accelerometer; autoplay; clipboard-write; encrypted-media; gyroscope; picture-in-picture\" allowfullscreen></iframe>',1,'2021-10-01 00:00:00',14,0),(61,'OOP fundamentals','<h2>OOP in JavaScript</h2>\n\n<iframe width=\"560\" height=\"315\" src=\"https://www.youtube.com/embed/PFmuCDHHpwk\" title=\"YouTube video player\" frameborder=\"0\" allow=\"accelerometer; autoplay; clipboard-write; encrypted-media; gyroscope; picture-in-picture\" allowfullscreen></iframe>\n<h2>Principles</h2>\n<iframe width=\"560\" height=\"315\" src=\"https://www.youtube.com/embed/pTB0EiLXUC8\" title=\"YouTube video player\" frameborder=\"0\" allow=\"accelerometer; autoplay; clipboard-write; encrypted-media; gyroscope; picture-in-picture\" allowfullscreen></iframe>\n<h2>Static members</h2>\n<iframe width=\"560\" height=\"315\" src=\"https://www.youtube.com/embed/33r9mqhXTA8\" title=\"YouTube video player\" frameborder=\"0\" allow=\"accelerometer; autoplay; clipboard-write; encrypted-media; gyroscope; picture-in-picture\" allowfullscreen></iframe>',2,'2021-10-01 00:00:00',14,0),(62,'Encapsulation','<h2>Encapsulation in OOP</h2>\n<iframe width=\"560\" height=\"315\" src=\"https://www.youtube.com/embed/ZYa_NiOUTQo\" title=\"YouTube video player\" frameborder=\"0\" allow=\"accelerometer; autoplay; clipboard-write; encrypted-media; gyroscope; picture-in-picture\" allowfullscreen></iframe>\n<h2>Getters and setters</h2>\n<iframe width=\"560\" height=\"315\" src=\"https://www.youtube.com/embed/bl98dm7vJt0\" title=\"YouTube video player\" frameborder=\"0\" allow=\"accelerometer; autoplay; clipboard-write; encrypted-media; gyroscope; picture-in-picture\" allowfullscreen></iframe>',3,'2021-10-01 00:00:00',14,0),(63,'Inheritance','<h2>Inheritance in JavaScript</h2>\n<iframe width=\"560\" height=\"315\" src=\"https://www.youtube.com/embed/FX2hGgUPbeY\" title=\"YouTube video player\" frameborder=\"0\" allow=\"accelerometer; autoplay; clipboard-write; encrypted-media; gyroscope; picture-in-picture\" allowfullscreen></iframe>\n<h2>Classes and inheritance</h2>\n<iframe width=\"560\" height=\"315\" src=\"https://www.youtube.com/embed/RBLIm5LMrmc\" title=\"YouTube video player\" frameborder=\"0\" allow=\"accelerometer; autoplay; clipboard-write; encrypted-media; gyroscope; picture-in-picture\" allowfullscreen></iframe>\n<h2>Composition vs. inheritance</h2>\n<iframe width=\"560\" height=\"315\" src=\"https://www.youtube.com/embed/nnwD5Lwwqdo\" title=\"YouTube video player\" frameborder=\"0\" allow=\"accelerometer; autoplay; clipboard-write; encrypted-media; gyroscope; picture-in-picture\" allowfullscreen></iframe>',4,'2021-10-03 00:00:00',14,0),(64,'React components','<iframe width=\"560\" height=\"315\" src=\"https://www.youtube.com/embed/UAssn1S0UkU\" title=\"YouTube video player\" frameborder=\"0\" allow=\"accelerometer; autoplay; clipboard-write; encrypted-media; gyroscope; picture-in-picture\" allowfullscreen></iframe>\n<h2>State vs. Props</h2>\n<iframe width=\"560\" height=\"315\" src=\"https://www.youtube.com/embed/IYvD9oBCuJI\" title=\"YouTube video player\" frameborder=\"0\" allow=\"accelerometer; autoplay; clipboard-write; encrypted-media; gyroscope; picture-in-picture\" allowfullscreen></iframe>',1,'2021-11-01 00:00:00',15,0),(65,'Working with lists','<iframe width=\"560\" height=\"315\" src=\"https://www.youtube.com/embed/5s8Ol9uw-yM\" title=\"YouTube video player\" frameborder=\"0\" allow=\"accelerometer; autoplay; clipboard-write; encrypted-media; gyroscope; picture-in-picture\" allowfullscreen></iframe>',2,'2021-11-01 00:00:00',15,0),(66,'Event handling','<iframe width=\"560\" height=\"315\" src=\"https://www.youtube.com/embed/Znqv84xi8Vs\" title=\"YouTube video player\" frameborder=\"0\" allow=\"accelerometer; autoplay; clipboard-write; encrypted-media; gyroscope; picture-in-picture\" allowfullscreen></iframe>',3,'2021-11-01 00:00:00',15,0),(67,'HTTP requests','<h2>Requests</h2>\n<iframe width=\"560\" height=\"315\" src=\"https://www.youtube.com/embed/GTmjthNvrxY\" title=\"YouTube video player\" frameborder=\"0\" allow=\"accelerometer; autoplay; clipboard-write; encrypted-media; gyroscope; picture-in-picture\" allowfullscreen></iframe>\n<h2>Get request</h2>\n<iframe width=\"560\" height=\"315\" src=\"https://www.youtube.com/embed/NEYrSUM4Umw\" title=\"YouTube video player\" frameborder=\"0\" allow=\"accelerometer; autoplay; clipboard-write; encrypted-media; gyroscope; picture-in-picture\" allowfullscreen></iframe>\n<h2>Post request</h2>\n<iframe width=\"560\" height=\"315\" src=\"https://www.youtube.com/embed/x9UEDRbLhJE\" title=\"YouTube video player\" frameborder=\"0\" allow=\"accelerometer; autoplay; clipboard-write; encrypted-media; gyroscope; picture-in-picture\" allowfullscreen></iframe>',4,'2021-11-03 00:00:00',15,0),(68,'React Hooks','<iframe width=\"560\" height=\"315\" src=\"https://www.youtube.com/embed/TNhaISOUy6Q\" title=\"YouTube video player\" frameborder=\"0\" allow=\"accelerometer; autoplay; clipboard-write; encrypted-media; gyroscope; picture-in-picture\" allowfullscreen></iframe>',5,'2021-11-04 00:00:00',15,0),(69,'Routing','<iframe width=\"560\" height=\"315\" src=\"https://www.youtube.com/embed/Law7wfdg_ls\" title=\"YouTube video player\" frameborder=\"0\" allow=\"accelerometer; autoplay; clipboard-write; encrypted-media; gyroscope; picture-in-picture\" allowfullscreen></iframe>',6,'2021-11-08 00:00:00',15,0),(70,'Authentication','<iframe width=\"560\" height=\"315\" src=\"https://www.youtube.com/embed/KgXT63wPMPc\" title=\"YouTube video player\" frameborder=\"0\" allow=\"accelerometer; autoplay; clipboard-write; encrypted-media; gyroscope; picture-in-picture\" allowfullscreen></iframe>',11,'2021-11-08 00:00:00',15,0),(71,'Data structures','<iframe width=\"560\" height=\"315\" src=\"https://www.youtube.com/embed/JktmexZkqWM\" title=\"YouTube video player\" frameborder=\"0\" allow=\"accelerometer; autoplay; clipboard-write; encrypted-media; gyroscope; picture-in-picture\" allowfullscreen></iframe>',1,'2021-09-02 00:00:00',16,0),(72,'Algorithms','<iframe width=\"560\" height=\"315\" src=\"https://www.youtube.com/embed/BBpAmxU_NQo\" title=\"YouTube video player\" frameborder=\"0\" allow=\"accelerometer; autoplay; clipboard-write; encrypted-media; gyroscope; picture-in-picture\" allowfullscreen></iframe>',2,'2021-09-02 00:00:00',16,0),(73,'Linked lists','<iframe width=\"560\" height=\"315\" src=\"https://www.youtube.com/embed/njTh_OwMljA\" title=\"YouTube video player\" frameborder=\"0\" allow=\"accelerometer; autoplay; clipboard-write; encrypted-media; gyroscope; picture-in-picture\" allowfullscreen></iframe>',3,'2021-09-03 00:00:00',16,0),(74,'Queue','<iframe width=\"560\" height=\"315\" src=\"https://www.youtube.com/embed/LbAKOE5_Du4\" title=\"YouTube video player\" frameborder=\"0\" allow=\"accelerometer; autoplay; clipboard-write; encrypted-media; gyroscope; picture-in-picture\" allowfullscreen></iframe>',4,'2021-09-06 00:00:00',16,0),(75,'Stack','<iframe width=\"560\" height=\"315\" src=\"https://www.youtube.com/embed/1d8tQpZ6KAQ\" title=\"YouTube video player\" frameborder=\"0\" allow=\"accelerometer; autoplay; clipboard-write; encrypted-media; gyroscope; picture-in-picture\" allowfullscreen></iframe>',5,'2021-09-07 00:00:00',16,0),(76,'Doubly linked list','<iframe width=\"560\" height=\"315\" src=\"https://www.youtube.com/embed/d3hYpvPyNWY\" title=\"YouTube video player\" frameborder=\"0\" allow=\"accelerometer; autoplay; clipboard-write; encrypted-media; gyroscope; picture-in-picture\" allowfullscreen></iframe>',6,'2021-09-08 00:00:00',16,0),(77,'Map, Set and Hash table','<h2>Maps in JavaScript</h2>\n<iframe width=\"560\" height=\"315\" src=\"https://www.youtube.com/embed/hYu6TCCk8Yo\" title=\"YouTube video player\" frameborder=\"0\" allow=\"accelerometer; autoplay; clipboard-write; encrypted-media; gyroscope; picture-in-picture\" allowfullscreen></iframe>\n<h3>Set in JavaScript</h3>\n<iframe width=\"560\" height=\"315\" src=\"https://www.youtube.com/embed/nGOnfYNo8F4\" title=\"YouTube video player\" frameborder=\"0\" allow=\"accelerometer; autoplay; clipboard-write; encrypted-media; gyroscope; picture-in-picture\" allowfullscreen></iframe>\n<h3>Map and Set explained</h3>\n<iframe width=\"560\" height=\"315\" src=\"https://www.youtube.com/embed/hLgUTM3FOII\" title=\"YouTube video player\" frameborder=\"0\" allow=\"accelerometer; autoplay; clipboard-write; encrypted-media; gyroscope; picture-in-picture\" allowfullscreen></iframe>',8,'2021-09-09 00:00:00',16,0),(78,'Recursion','<iframe width=\"560\" height=\"315\" src=\"https://www.youtube.com/embed/6oDQaB2one8\" title=\"YouTube video player\" frameborder=\"0\" allow=\"accelerometer; autoplay; clipboard-write; encrypted-media; gyroscope; picture-in-picture\" allowfullscreen></iframe>',9,'2021-09-09 00:00:00',16,0);
/*!40000 ALTER TABLE `sections` ENABLE KEYS */;
UNLOCK TABLES;

--
-- Table structure for table `student_courses`
--

DROP TABLE IF EXISTS `student_courses`;
/*!40101 SET @saved_cs_client     = @@character_set_client */;
/*!40101 SET character_set_client = utf8 */;
CREATE TABLE `student_courses` (
  `courses_id` int(11) NOT NULL,
  `users_id` int(11) NOT NULL,
  PRIMARY KEY (`courses_id`,`users_id`),
  KEY `fk_courses_has_users_users1_idx` (`users_id`),
  KEY `fk_courses_has_users_courses1_idx` (`courses_id`),
  CONSTRAINT `fk_courses_has_users_courses1` FOREIGN KEY (`courses_id`) REFERENCES `courses` (`id`) ON DELETE NO ACTION ON UPDATE NO ACTION,
  CONSTRAINT `fk_courses_has_users_users1` FOREIGN KEY (`users_id`) REFERENCES `users` (`id`) ON DELETE NO ACTION ON UPDATE NO ACTION
) ENGINE=InnoDB DEFAULT CHARSET=latin1;
/*!40101 SET character_set_client = @saved_cs_client */;

--
-- Dumping data for table `student_courses`
--

LOCK TABLES `student_courses` WRITE;
/*!40000 ALTER TABLE `student_courses` DISABLE KEYS */;
INSERT INTO `student_courses` VALUES (1,3),(1,5),(1,6),(1,7),(1,9),(1,10),(1,14),(1,20),(1,21),(1,22),(1,23),(1,25),(1,26),(1,28),(1,29),(1,30),(1,31),(1,32),(1,33),(1,34),(1,35),(1,36),(2,1),(2,4),(2,9),(2,10),(2,26),(2,27),(2,28),(2,29),(2,30),(2,31),(2,32),(2,35),(2,36),(2,37),(2,38),(2,39),(3,3),(3,6),(3,7),(3,10),(3,11),(3,15),(3,17),(3,22),(3,25),(3,27),(3,29),(3,30),(3,31),(3,36),(3,38),(4,5),(4,7),(4,9),(4,10),(4,12),(4,14),(4,28),(4,30),(4,31),(4,33),(4,37),(5,3),(6,5),(6,16),(6,18),(6,19),(6,20),(6,24),(6,26),(6,27),(6,28),(6,30),(6,32),(6,33),(6,37),(6,38),(7,1),(10,1),(11,1),(12,1),(13,7),(13,9),(13,11),(13,12),(13,13),(13,14),(13,15),(13,16),(13,17),(13,18),(13,21),(13,22),(13,26),(13,28),(13,32),(13,36),(13,37),(13,38),(14,7),(14,35),(14,36),(14,37),(14,38),(14,39),(15,5),(15,9),(15,15),(15,18),(15,20),(15,21),(15,22),(15,24),(15,25),(15,27),(15,31),(15,32),(15,36),(15,39),(16,5),(16,7),(16,10),(16,12),(16,14),(16,18),(17,3),(17,5),(17,6),(17,10);
/*!40000 ALTER TABLE `student_courses` ENABLE KEYS */;
UNLOCK TABLES;

--
-- Table structure for table `users`
--

DROP TABLE IF EXISTS `users`;
/*!40101 SET @saved_cs_client     = @@character_set_client */;
/*!40101 SET character_set_client = utf8 */;
CREATE TABLE `users` (
  `id` int(11) NOT NULL AUTO_INCREMENT,
  `email` varchar(45) NOT NULL,
  `firstName` varchar(45) NOT NULL,
  `lastName` varchar(45) NOT NULL,
  `password` varchar(255) NOT NULL,
  `roles_id` int(11) NOT NULL DEFAULT 1,
  `createdOn` timestamp NOT NULL DEFAULT current_timestamp(),
  `isDeleted` tinyint(1) DEFAULT 0,
  PRIMARY KEY (`id`),
  KEY `fk_users_roles_idx` (`roles_id`),
  CONSTRAINT `fk_users_roles` FOREIGN KEY (`roles_id`) REFERENCES `roles` (`id`) ON DELETE NO ACTION ON UPDATE NO ACTION
) ENGINE=InnoDB AUTO_INCREMENT=40 DEFAULT CHARSET=latin1;
/*!40101 SET character_set_client = @saved_cs_client */;

--
-- Dumping data for table `users`
--

LOCK TABLES `users` WRITE;
/*!40000 ALTER TABLE `users` DISABLE KEYS */;
INSERT INTO `users` VALUES (1,'tania@gmail.com','Tania','Kasabova','$2b$10$MNud3QPNi/XQUKCsHxorPO0tGmd5O/5zptwYylsMLa6rhAkVAmvdy',2,'2021-08-03 10:32:20',0),(2,'lyuben79@abv.bg','Lyben','Shekerdjiev','$2b$10$hQcg/TN.q3VkkKWUmxb29OR2nCwfv6IXgoFLlB65xkdZwOErt4KKi',2,'2021-08-03 10:34:07',0),(3,'pesho@abv.bg','Petar','Petrov','$2b$10$e.Bl3QZnjMjkX80jYVJFn.lHyrDF2S8YcSR65pSCtByzPhXCFz446',1,'2021-08-03 11:23:03',0),(4,'new_user@gmail.com','New','User','$2b$10$pzq/D0W7deOLID.dYP4Gxufvquw7no1tPy2ZOor9f6n/ZdyP5iJVa',1,'2021-08-03 13:23:07',1),(5,'pencho@abv.bg','Pencho','Penev','$2b$10$n.MQu8XpVKs/BB93YDQI2.ZnA2rvb8wopg7r7FglhZat/8qOb0Cgu',1,'2021-08-10 09:50:06',0),(6,'martina@gmail.com','Martina','Borisova','$2b$10$lXXzrUz1vbE9VcFDwT04c.f0puDTDxuBHt5id1M1OD0FyMEpfW9eO',1,'2021-08-14 05:53:12',0),(7,'nicole@gmail.com','Nicole','Borisova','$2b$10$7DsTYw4/e/I5JjxBA9Z9SuSNqYDfcjtHEaqq8OJVHne1CkUOolVxu',1,'2021-08-19 03:34:09',0),(9,'ivan@abv.bg','Ivan','Ivanov','$2b$10$pIEEMT4abXZK0qYQqaAlrOg4h1miJ1jDWKzgblbbjcUF1Gu/8gwn.',1,'2021-08-20 08:30:59',0),(10,'dragan@abv.bg','Dragan','Draganov','$2b$10$bm7cFoqL6TfiLyB0GWxbwuQqUc6baS4Z40eaSSrkvm1rS9/krNkx.',1,'2021-08-20 08:32:30',0),(11,'iva@gmail.com','Iva','Irmanova','$2b$10$8PdnNQ3IzNU0hiEzd/0LIeWLLssM6h0aQC1QGLfC50c9zGLkGCq6a',1,'2021-08-28 09:12:59',0),(12,'boko@gmail.com','Boyka','Ilieva','$2b$10$sywW6EbXfSziixHp.lQy4e0guAmLuZZZF46KQDszgcjRfS6h06BbG',1,'2021-08-28 09:14:10',0),(13,'bobi_k@gmail.com','Boris','Nestorov','$2b$10$HAsymudMl2U.up1WL9PdM.imQm/xTHWe5V9SNadveW0anGh70JOyG',1,'2021-08-28 09:14:47',0),(14,'magi_m@abv.bg','Magdalena','Mitova','$2b$10$gS.tFRYJcMg0zJySqpmG/uGWt42m28ZkR8Ro.Bcfu.DrrJOysDxwG',1,'2021-08-28 09:15:59',0),(15,'irena@mail.bg','Irena','Pavlova','$2b$10$hodAuwOsq6ZOmRllkGrPF.PU5WVzsfIF2NNy3RYS1WFLt6Wtntxnm',1,'2021-08-28 09:16:19',0),(16,'vladi@gmail.com','Vladimir','Babev','$2b$10$TIi0gtvWxxvLGM0KvD64IORlv3YrWDO5w2UAoIhPPy.RmVjNXpP6S',1,'2021-08-28 09:16:57',0),(17,'eva@abv.bg','Eva','Ivaylova','$2b$10$tzpI7TMzgIW531T8v1izRecqchMqn9I8aTAUYlCXuNKruoVs8DJpq',1,'2021-08-28 09:17:26',0),(18,'misheto@gmail.com','Mihaela','Shaleva','$2b$10$l.H/IC7VyhMItsLql1MXMepyFWge.Fn0XQsMOhGNMHSR67nqTIc6G',1,'2021-08-28 09:18:11',0),(19,'tedi@abv.bg','Teodora','Ivanova','$2b$10$SfbMcLCcgkmuNzeHDySO6uDNhmPEqbsZ7k3eDOlcsoR9lisnJMwrG',1,'2021-08-28 09:18:33',0),(20,'krasi@mail.bg','Krasimir','Angelov','$2b$10$CWDJ3qEXDfoS5ln3kKBifOW/w4FEJAalvsT5OK0TKPsZ2tDEyMu9m',1,'2021-08-28 09:18:54',0),(21,'koko@gmail.com','Konstantin','Todorov','$2b$10$viLBQJneyatCjogvqZUNgOjyrDIjcNOUmazFydYQW7ZSBmlrbWzT.',1,'2021-08-28 09:19:38',0),(22,'elen@abv.bg','Elen','Petrova','$2b$10$vtNoSrNIwzZ10hpviV98nujal/6uq.cbIgHc2L6BsCmbWSocgqiqG',1,'2021-08-28 09:20:22',0),(23,'karina@mail.bg','Karina','Georgieva','$2b$10$7.BwEQpDsn7kdpHtHQES7OtT4ATb8wcN0kQ.w8a/epGMvSrWiq6dK',1,'2021-08-28 09:20:42',0),(24,'asen@hotmail.com','Asen','Tabakov','$2b$10$rXedosv7cBaSE4nk1kS84er45sLZMGGVSa76I.io67p.xuONDsq/i',1,'2021-08-28 09:21:14',0),(25,'rumen_r@mail.bg','Rumen','Radichev','$2b$10$qF7HMD9tOx2y6GHhHGAJkuzv3AP12.DuejxGHhDClxmssxcunxwOu',1,'2021-08-28 09:21:37',0),(26,'nikola@gmail.com','Nikola','Kirilov','$2b$10$17Fr/IDxCvQurOu5kRpdO.zmEt.jXH1CllRCsNbleN2ivc6258ELq',1,'2021-08-28 09:22:13',0),(27,'marin_d@gmail.com','Marin','Dimov','$2b$10$D2YRvi3VhYQWItAC1PJQMOJZT2WhtXJLqe4GpMUVZxDDjK9Vu03Ra',1,'2021-08-28 09:22:33',0),(28,'vesko@mail.bg','Veselin','Ivanov','$2b$10$8BvjfGTkSXdShGgIfb4NiuoRdJzWhoTzOzRS.35j.DcWQM.NxxG7G',1,'2021-08-28 09:23:02',0),(29,'ivan_m@hotmail.com','Ivan','Mihaylov','$2b$10$5kl4005hU90.veRLeypNHead9Vi5tt2SaS0hyAuLhCYESQqAw0KsG',1,'2021-08-28 09:23:27',0),(30,'kubrat@yahoo.com','Kubrat','Pulev','$2b$10$I0UhQ9uuCyqd4GkrlxCe/Ozb0C7tuUZwd9WFMifMSmAT9wrFI48Py',1,'2021-08-28 09:23:52',0),(31,'mariana@gmail.com','Mariana','Popova','$2b$10$6NAXzgn.6gS6ozmcWpEvfuHsUVX7WLbTfPdxKrkTRLvGxI.GySFze',1,'2021-08-28 09:24:33',0),(32,'ivet@abv.bg','Ivet','Nikolova','$2b$10$/QldaHT.zO2nsCECE3hpl.OjM6FW3TL4FsP5ugJfVUVJ/Z4b7m8uK',1,'2021-08-28 09:24:58',0),(33,'grisho@gmail.com','Grigor','Dimitrov','$2b$10$XYn9sBSvFb4YHrNnM9SqVu.bACuXlVkKg4Qr3NUl5BwYGevnj3v5.',1,'2021-08-28 09:25:22',0),(34,'berba@abv.bg','Dimitar','Berbatov','$2b$10$CqFYKzU7uEHEqYijv1ybb.AwvRwoC8wgTwFSpGibtP65.GPCpMTG6',1,'2021-08-28 09:25:36',0),(35,'desito@abv.bg','Desislava','Penkova','$2b$10$czkcyjhX63u1E9F5zr4O9.0s2BViwPc99Kf.cn2K5zlwqUvCDqOZS',1,'2021-08-28 09:26:07',0),(36,'gabriel@gmail.com','Gabriel','Petrov','$2b$10$.n7owWclpddEGBCQIUwoNuHU7oBYgVmV2kLmrQxzL.W5jo8t3qrAq',1,'2021-08-28 09:26:49',0),(37,'michael@mail.com','Michael','Bolton','$2b$10$TIYdnjTP3kuuuCFikN5CsuwsYoKYnW7zz.epwU9JYJVCWxgnYyXBC',1,'2021-08-28 09:27:11',0),(38,'leo@gmail.com','Leonardo','Spinazzolla','$2b$10$ezDSsp/DJ0q0iut894fpeOVkT6n0sX7s7l9tJUoittDO0SMdl1Aoe',1,'2021-08-28 09:28:08',0),(39,'stefan@gmail.com','Stefan','Sirakov','$2b$10$.oF/5G/RsZYu1cYdo6yW2Opzzjc.ywEjBmOrZ9ZY8CTfNzDnPQW6a',1,'2021-08-28 09:30:01',0);
/*!40000 ALTER TABLE `users` ENABLE KEYS */;
UNLOCK TABLES;
/*!40103 SET TIME_ZONE=@OLD_TIME_ZONE */;

/*!40101 SET SQL_MODE=@OLD_SQL_MODE */;
/*!40014 SET FOREIGN_KEY_CHECKS=@OLD_FOREIGN_KEY_CHECKS */;
/*!40014 SET UNIQUE_CHECKS=@OLD_UNIQUE_CHECKS */;
/*!40101 SET CHARACTER_SET_CLIENT=@OLD_CHARACTER_SET_CLIENT */;
/*!40101 SET CHARACTER_SET_RESULTS=@OLD_CHARACTER_SET_RESULTS */;
/*!40101 SET COLLATION_CONNECTION=@OLD_COLLATION_CONNECTION */;
/*!40111 SET SQL_NOTES=@OLD_SQL_NOTES */;

-- Dump completed on 2021-09-01 11:38:36
